{
  "images" : [
    { "w":  1, "h":  1 },
    { "w":  2, "h":  2 },
    { "w":  1, "h":  2 },
    { "w":  5, "h":  2 },
    { "w":  6, "h":  6 },
    { "w":  3, "h":  9 },
    { "w":  1, "h":  5 },
    { "w":  5, "h":  5 },
    { "w":  4, "h":  4 }
  ],
  "options" : {
    "spaceWeight": 1,
    "numberWeight": 10,
    "bleeding" : false,
    "//maxTime" : 60,
    "textures" : {
      "//number": 3,
      "maxNumber": 4,
      "//dimsPowOf2": true,
      "//sameDimsForAll" : true,
      "//squared" : true
    }
  }
}
