{
  "//" : "informazioni: ",
  "//" : "in images, ogni oggetto è una immagine in cui definire w (:width) e h (height) ",
  "images" : [
    { "w":  1, "h":  1 },
    { "w":  2, "h":  2 },
    { "w":  1, "h":  2 },
    { "w":  5, "h":  2 },
    { "w":  6, "h":  6 },
    { "w":  3, "h":  9 },
    { "w":  1, "h":  5 },
    { "w":  5, "h":  5 },
    { "w":  3, "h":  6 }
  ],
  "options" : {
    "//" : "informazioni: " ,
    "//" : "*Weights sono i pesi per la funzione obiettivo, spaceWeight è il peso dello <spazio libero>",
    "//" : "  mentre numberWeight del <n° di texture>; i pesi dovrebbero essere compresi in [0;10000]",
    "//" : "textures sono le opzioni riguardanti le texture. ",
    "//" : "bleeding, se true, aggiunge 2 pixel alle dimensioni di ogni immagine",
    "//" : "maxTime, se definito e maggiore di 1, è il tempo massimo di esecuzione, in secondi",
    "//" : "rotationAllowed [NON IMPLEMENTATO] indica se è permessa la rotazione delle immagini",
    "spaceWeight": 1,
    "numberWeight": 10,
    "bleeding" : false,
    "//maxTime" : 60,
    "//rotationAllowed" : false,
    "textures" : {
      "//" : "informazioni:",
      "//" : "number definisce se il n° di texture dev'essere costante; dev'essere in [1;len(images)]",
      "//" : "maxNumber, al contrario, definisce un massimo; dev'essere in [i;len(images)]",
      "//" : "dimsPowOf2, booleano, dice se le dimensioni debbano essere solo multipli di 2",
      "//" : "sameDimsForAll [NON IMPLEMENTATO], booleano, dice se tutte le texturer ",
      "//" : "  debbano avere le stesse dimesioni (es: 4 texture, tutte con width=59, height=45)",
      "//" : "squared, booleano, indica se le textures debbano essere quadrate (width=height)",
      "//number": 3,
      "maxNumber": 4,
      "//dimsPowOf2": true,
      "//sameDimsForAll" : true,
      "//squared" : true,
      "//" : "[NON IMPLEMENTATO] potrebbe (?) togliere alcune sol valide, ma probabilmente esiste un ottimo",
      "//" : " (o quasi) che permetta di infischiarsene",
      "//pseudoGreedyBiggerFirst": true
    }
  }
}
